{"str": ["U+0020", "\\n", "/", "unchecked", "U+002C", ".", "name", ")", "1", "U+002CU+0020", "id", "a", ":", "foo", "test", "]", "}", "0", "true", "'", "\\\"", "b", "value", "-", "UTF-8", "type", ":U+0020", "unused", "2", "null", "_", "false", "A", "(", "bar", "=", "[", "x", "c", ";", "*", "2.0", "\\t", "3", "Doppelganger", "rawtypes", "serial", "{", "key", ">", "B", "deprecation", "C", "msg=", "%", "%s", "#", "}\\n", "title", "NotU+0020supportedU+0020yet.", "U+0020(", "description", "all", "d", "U+0020U+0020", "abc", "password", "data", "string", "user", "4", "localhost", "message", "text", "hello", "status", "default", "GET", "application/json", "?", "{}", "class", "y", "\\r\\n", "int", "_cvp_Core.PatientShort", "<", "version", "s", "error", "5", "'{0}'", "|", "file", "one", "@", "url", "OK", "f", "U+0020U+0020U+0020U+0020", "en", "username", "U+0020-U+0020", "U+0020:U+0020", "POST", "&", "10", "none", "1.0", "D", "p", "e", "U+0020=U+0020", "Content-Type", ";U+0020", "content", "+", "m", "Test", "T", "http", "text/plain", "123", "127.0.0.1", "U+0020toU+0020", "path", "get", "ID", "Y", "code", "_cvp_Naes.Referral", "Name", "two", "U+0020U+0020}\\n", "count", "U+0020U+0020U+0020U+0020}\\n", "double", "...", "E", "X", "$", "long", "i", "list", "admin", "line.separator", "date", "!", "utf-8", "-1", "field", "boolean", "success", "unknown", "\\\\", "r", "Z", "6", "result", "index", "S", "label", "root", "F", "start", "number", "http://", "source", "I", "src", ".class", "state", "address", "target", "body", "\\\\.", "email", "U+0020andU+0020", "N", "t", "value1", "--", "String", "Hello", "yes", "baz", "text/html", "q", "size", "n", "U+0020U+0020}", "M", "key1", "userId", "cast", "test1", "[]", "float", "query", "GMT"], "num": ["0", "1", "2", "3", "4", "5", "10", "8", "6", "7", "16", "100", "9", "1000", "12", "1L", "20", "0F", "11", "0.0", "32", "0.0f", "15", "255", "0x00", "1.0", "30", "31", "24", "1.0f"], "char": ["U+0020", ".", "\\n", "/", "0", "\\'", "a", ":", "}", "U+002C", "-", "A", "\\\\", "\"", ")", "=", "9", "\\r", "[", "]", "1", "(", ";", "_", "\\t", "e", "c", ">", "Z", "b"], "regex": []}